course,label,url
CCNA1,System Test Exam,https://itexamanswers.net/ccnav7-system-test-course-version-1-1-system-test-exam-answers.html
CCNA1,Modules 1 - 3 Basic Network Connectivity and Communications Exam Answers,https://itexamanswers.net/ccna-1-v7-modules-1-3-basic-network-connectivity-and-communications-exam-answers.html
CCNA1,Modules 4 - 7 Ethernet Concepts Exam Answers,https://itexamanswers.net/ccna-1-v7-modules-4-7-ethernet-concepts-exam-answers.html
CCNA1,Modules 8 - 10 Communicating Between Networks Exam Answers,https://itexamanswers.net/ccna-1-v7-modules-8-10-communicating-between-networks-exam-answers.html
CCNA1,Modules 11 - 13 IP Addressing Exam Answers,https://itexamanswers.net/ccna-1-v7-modules-11-13-ip-addressing-exam-answers-full.html
CCNA1,Modules 14 - 15 Network Application Communications Exam Answers,https://itexamanswers.net/ccna-1-v7-modules-14-15-network-application-communications-exam-answers.html
CCNA1,Modules 16 - 17 Building and Securing a Small Network Exam Answers,https://itexamanswers.net/ccna-1-v7-modules-16-17-building-and-securing-a-small-network-exam-answers.html
CCNA1,Practice PT Skills Assessment PTSA,https://itexamanswers.net/ccna-1-v7-0-itn-practice-pt-skills-assessment-ptsa-answers.html
CCNA1,ITN Final Skills Exam PTSA,https://itexamanswers.net/itn-version-7-00-final-pt-skills-assessment-ptsa-exam-answers.html
CCNA1,ITNv7 Practice Final Exam,https://itexamanswers.net/ccna-1-version-7-00-itnv7-practice-final-exam-answers.html
CCNA1,CCNA 1 v7 Course FINAL Exam Answers,https://itexamanswers.net/ccna-1-v7-0-final-exam-answers-full-introduction-to-networks.html
CCNA2,System Test Exam,https://itexamanswers.net/ccnav7-system-test-course-version-1-1-system-test-exam-answers.html
CCNA2,Modules 1 - 4 Switching Concepts VLANs and InterVLAN Routing Exam Answers,https://itexamanswers.net/ccna-2-v7-modules-1-4-switching-concepts-vlans-and-intervlan-routing-exam-answers.html
CCNA2,Modules 5 - 6 Redundant Networks Exam Answers,https://itexamanswers.net/ccna-2-v7-modules-5-6-redundant-networks-exam-answers.html
CCNA2,Modules 7 - 9 Available and Reliable Networks Exam Answers,https://itexamanswers.net/ccna-2-v7-modules-7-9-available-and-reliable-networks-exam-answers.html
CCNA2,Modules 10 - 13 L2 Security and WLANs Exam Answers,https://itexamanswers.net/ccna-2-v7-modules-10-13-l2-security-and-wlans-exam-answers.html
CCNA2,Modules 14 - 16 Routing Concepts and Configuration Exam Answers,https://itexamanswers.net/ccna-2-v7-modules-14-16-routing-concepts-and-configuration-exam-answers.html
CCNA2,SRWE Practice PT Skills Assessment PTSA Part 1,https://itexamanswers.net/ccna-2-srwe-practice-pt-skills-assessment-ptsa-part-1-answers.html
CCNA2,SRWE Practice PT Skills Assessment PTSA Part 2,https://itexamanswers.net/ccna-2-srwe-practice-pt-skills-assessment-ptsa-part-2-answers.html
CCNA2,SRWE Final Skills Exam PTSA,https://itexamanswers.net/srwe-version-7-00-final-pt-skills-assessment-exam-ptsa-answers.html
CCNA2,SRWEv7 Practice Final Exam,https://itexamanswers.net/ccna-2-version-7-00-srwe-practice-final-exam-answers.html
CCNA2,CCNA 2 v7 Course FINAL Exam Answers,https://itexamanswers.net/ccna-2-v7-0-final-exam-answers-full-switching-routing-and-wireless-essentials.html
